fixed acidity;volatile acidity;citric acid;residual sugar;chlorides;free sulfur dioxide;total sulfur dioxide;density;pH;sulphates;alcohol
74;7;0;19;76;11;34;9978;351;56;94
78;88;0;26;98;25;67;9968;32;68;98
78;76;4;23;92;15;54;997;326;65;98
112;28;56;19;75;17;60;998;316;58;98
74;7;0;19;76;11;34;9978;351;56;94
74;66;0;18;75;13;40;9978;351;56;94
79;6;6;16;69;15;59;9964;33;46;94
73;65;0;12;65;15;21;9946;339;47;10
78;58;2;2;73;9;18;9968;336;57;95
75;5;36;61;71;17;102;9978;335;8;105
67;58;8;18;97;15;65;9959;328;54;92
75;5;36;61;71;17;102;9978;335;8;105
56;615;0;16;89;16;59;9943;358;52;99
78;61;29;16;114;9;29;9974;326;156;91
89;62;18;38;176;52;145;9986;316;88;92
89;62;19;39;17;51;148;9986;317;93;92
85;28;56;18;92;35;103;9969;33;75;105
81;56;28;17;368;16;56;9968;311;128;93
74;59;8;44;86;6;29;9974;338;5;9
79;32;51;18;341;17;56;9969;304;108;92
89;22;48;18;77;29;60;9968;339;53;94
76;39;31;23;82;23;71;9982;352;65;97
79;43;21;16;106;10;37;9966;317;91;95
85;49;11;23;84;9;67;9968;317;53;94
69;4;14;24;85;21;40;9968;343;63;97
63;39;16;14;8;11;23;9955;334;56;93
76;41;24;18;8;4;11;9962;328;59;95
79;43;21;16;106;10;37;9966;317;91;95
71;71;0;19;8;14;35;9972;347;55;94
78;645;0;2;82;8;16;9964;338;59;98
67;675;7;24;89;17;82;9958;335;54;101
69;685;0;25;105;22;37;9966;346;57;106
83;655;12;23;83;15;113;9966;317;66;98
69;605;12;107;73;40;83;9993;345;52;94
52;32;25;18;103;13;50;9957;338;55;92
78;645;0;55;86;5;18;9986;34;55;96
78;6;14;24;86;3;15;9975;342;6;108
81;38;28;21;66;13;30;9968;323;73;97
57;113;9;15;172;7;19;994;35;48;98
73;45;36;59;74;12;87;9978;333;83;105
73;45;36;59;74;12;87;9978;333;83;105
88;61;3;28;88;17;46;9976;326;51;93
75;49;2;26;332;8;14;9968;321;9;105
81;66;22;22;69;9;23;9968;33;12;103
68;67;2;18;5;5;11;9962;348;52;95
46;52;15;21;54;8;65;9934;39;56;131
77;935;43;22;114;22;114;997;325;73;92
87;29;52;16;113;12;37;9969;325;58;95
64;4;23;16;66;5;12;9958;334;56;92
56;31;37;14;74;12;96;9954;332;58;92
88;66;26;17;74;4;23;9971;315;74;92
66;52;4;22;69;8;15;9956;34;63;94
66;5;4;21;68;6;14;9955;339;64;94
86;38;36;3;81;30;119;997;32;56;94
76;51;15;28;11;33;73;9955;317;63;102
77;62;4;38;84;25;45;9978;334;53;95
102;42;57;34;7;4;10;9971;304;63;96
75;63;12;51;111;50;110;9983;326;77;94
78;59;18;23;76;17;54;9975;343;59;10
73;39;31;24;74;9;46;9962;341;54;94
88;4;4;22;79;19;52;998;344;64;92
77;69;49;18;115;20;112;9968;321;71;93
75;52;16;19;85;12;35;9968;338;62;95
7;735;5;2;81;13;54;9966;339;57;98
72;725;5;465;86;4;11;9962;341;39;109
72;725;5;465;86;4;11;9962;341;39;109
75;52;11;15;79;11;39;9968;342;58;96
66;705;7;16;76;6;15;9962;344;58;107
93;32;57;2;74;27;65;9969;328;79;107
8;705;5;19;74;8;19;9962;334;95;105
77;63;8;19;76;15;27;9967;332;54;95
77;67;23;21;88;17;96;9962;332;48;95
77;69;22;19;84;18;94;9961;331;48;95
83;675;26;21;84;11;43;9976;331;53;92
97;32;54;25;94;28;83;9984;328;82;96
88;41;64;22;93;9;42;9986;354;66;105
88;41;64;22;93;9;42;9986;354;66;105
68;785;0;24;104;14;30;9966;352;55;107
67;75;12;2;86;12;80;9958;338;52;101
83;625;2;15;8;27;119;9972;316;112;91
62;45;2;16;69;3;15;9958;341;56;92
78;43;7;19;464;22;67;9974;313;128;94
74;5;47;2;86;21;73;997;336;57;91
73;67;26;18;401;16;51;9969;316;114;94
63;3;48;18;69;18;61;9959;344;78;103
69;55;15;22;76;19;40;9961;341;59;101
86;49;28;19;11;20;136;9972;293;195;99
77;49;26;19;62;9;31;9966;339;64;96
93;39;44;21;107;34;125;9978;314;122;95
7;62;8;18;76;8;24;9978;348;53;9
79;52;26;19;79;42;140;9964;323;54;95
86;49;28;19;11;20;136;9972;293;195;99
86;49;29;2;11;19;133;9972;293;198;98
77;49;26;19;62;9;31;9966;339;64;96
5;102;4;14;45;41;85;9938;375;48;105
47;6;17;23;58;17;106;9932;385;6;129
68;775;0;3;102;8;23;9965;345;56;107
7;5;25;2;7;3;22;9963;325;63;92
76;9;6;25;79;5;10;9967;339;56;98
81;545;18;19;8;13;35;9972;33;59;9
83;61;3;21;84;11;50;9972;34;61;102
78;5;3;19;75;8;22;9959;331;56;104
81;545;18;19;8;13;35;9972;33;59;9
81;575;22;21;77;12;65;9967;329;51;92
72;49;24;22;7;5;36;996;333;48;94
81;575;22;21;77;12;65;9967;329;51;92
78;41;68;17;467;18;69;9973;308;131;93
62;63;31;17;88;15;64;9969;346;79;93
8;33;53;25;91;18;80;9976;337;8;96
81;785;52;2;122;37;153;9969;321;69;93
78;56;19;18;104;12;47;9964;319;93;95
84;62;9;22;84;11;108;9964;315;66;98
84;6;1;22;85;14;111;9964;315;66;98
101;31;44;23;8;22;46;9988;332;67;97
78;56;19;18;104;12;47;9964;319;93;95
94;4;31;22;9;13;62;9966;307;63;105
83;54;28;19;77;11;40;9978;339;61;10
78;56;12;2;82;7;28;997;337;5;94
88;55;4;22;119;14;56;9962;321;6;109
7;69;8;18;97;22;89;9959;334;54;92
73;107;9;17;178;10;89;9962;33;57;9
88;55;4;22;119;14;56;9962;321;6;109
73;695;0;25;75;3;13;998;349;52;92
8;71;0;26;8;11;34;9976;344;53;95
78;5;17;16;82;21;102;996;339;48;95
9;62;4;19;146;27;90;9984;316;7;94
82;133;0;17;81;3;12;9964;353;49;109
81;133;0;18;82;3;12;9964;354;48;109
8;59;16;18;65;3;16;9962;342;92;105
61;38;15;18;72;6;19;9955;342;57;94
8;745;56;2;118;30;134;9968;324;66;94
56;5;9;23;49;17;99;9937;363;63;13
56;5;9;23;49;17;99;9937;363;63;13
66;5;1;15;6;17;26;9952;34;58;98
79;104;5;22;84;13;29;9959;322;55;99
84;745;11;19;9;16;63;9965;319;82;96
83;715;15;18;89;10;52;9968;323;77;95
72;415;36;2;81;13;45;9972;348;64;92
78;56;19;21;81;15;105;9962;333;54;95
78;56;19;2;81;17;108;9962;332;54;95
84;745;11;19;9;16;63;9965;319;82;96
83;715;15;18;89;10;52;9968;323;77;95
52;34;0;18;5;27;63;9916;368;79;14
63;39;8;17;66;3;20;9954;334;58;94
52;34;0;18;5;27;63;9916;368;79;14
81;67;55;18;117;32;141;9968;317;62;94
58;68;2;18;87;21;94;9944;354;52;10
76;49;26;16;236;10;88;9968;311;8;93
69;49;1;23;74;12;30;9959;342;58;102
82;4;44;28;89;11;43;9975;353;61;105
73;33;47;21;77;5;11;9958;333;53;103
92;52;1;34;61;32;69;9996;274;2;94
75;6;3;18;95;25;99;995;335;54;101
75;6;3;18;95;25;99;995;335;54;101
71;43;42;55;7;29;129;9973;342;72;105
71;43;42;55;71;28;128;9973;342;71;105
71;43;42;55;7;29;129;9973;342;72;105
71;43;42;55;71;28;128;9973;342;71;105
71;68;0;22;73;12;22;9969;348;5;93
68;6;18;19;79;18;86;9968;359;57;93
76;95;3;2;9;7;20;9959;32;56;96
76;68;2;13;72;9;20;9965;317;108;92
78;53;4;17;76;17;31;9964;333;56;10
74;6;26;73;7;36;121;9982;337;49;94
73;59;26;72;7;35;121;9981;337;49;94
78;63;48;17;1;14;96;9961;319;62;95
68;64;1;21;85;18;101;9956;334;52;102
73;55;3;16;72;17;42;9956;337;48;9
68;63;7;21;89;11;44;9953;347;55;104
75;705;24;18;36;15;63;9964;3;159;95
79;885;3;18;58;4;8;9972;336;33;91
8;42;17;2;73;6;18;9972;329;61;92
8;42;17;2;73;6;18;9972;329;61;92
74;62;5;19;68;24;42;9961;342;57;115
73;38;21;2;8;7;35;9961;333;47;95
69;5;4;15;85;19;49;9958;335;78;95
73;38;21;2;8;7;35;9961;333;47;95
75;52;42;23;87;8;38;9972;358;61;105
7;805;0;25;68;7;20;9969;348;56;96
88;61;14;24;67;10;42;9969;319;59;95
88;61;14;24;67;10;42;9969;319;59;95
89;61;49;2;27;23;110;9972;312;102;93
72;73;2;25;76;16;42;9972;344;52;93
68;61;2;18;77;11;65;9971;354;58;93
67;62;21;19;79;8;62;997;352;58;93
89;31;57;2;111;26;85;9971;326;53;97
74;39;48;2;82;14;67;9972;334;55;92
77;705;1;26;84;9;26;9976;339;49;97
79;5;33;2;84;15;143;9968;32;55;95
79;49;32;19;82;17;144;9968;32;55;95
82;5;35;29;77;21;127;9976;323;62;94
64;37;25;19;74;21;49;9974;357;62;98
68;63;12;38;99;16;126;9969;328;61;95
76;55;21;22;71;7;28;9964;328;55;97
76;55;21;22;71;7;28;9964;328;55;97
78;59;33;2;74;24;120;9968;325;54;94
73;58;3;24;74;15;55;9968;346;59;102
115;3;6;2;67;12;27;9981;311;97;101
54;835;8;12;46;13;93;9924;357;85;13
69;109;6;21;61;12;31;9948;351;43;114
96;32;47;14;56;9;24;99695;322;82;103
88;37;48;21;97;39;145;9975;304;103;93
68;5;11;15;75;16;49;99545;336;79;95
7;42;35;16;88;16;39;9961;334;55;92
7;43;36;16;89;14;37;99615;334;56;92
128;3;74;26;95;9;28;9994;32;77;108
128;3;74;26;95;9;28;9994;32;77;108
78;57;31;18;69;26;120;99625;329;53;93
78;44;28;27;1;18;95;9966;322;67;94
11;3;58;21;54;7;19;998;331;88;105
97;53;6;2;39;5;19;99585;33;86;124
8;725;24;28;83;10;62;99685;335;56;10
116;44;64;21;59;5;15;998;321;67;102
82;57;26;22;6;28;65;9959;33;43;101
78;735;8;24;92;10;41;9974;324;71;98
7;49;49;56;6;26;121;9974;334;76;105
87;625;16;2;101;13;49;9962;314;57;11
81;725;22;22;72;11;41;9967;336;55;91
75;49;19;19;76;10;44;9957;339;54;97
78;53;33;24;8;24;144;99655;33;6;95
78;34;37;2;82;24;58;9964;334;59;94
74;53;26;2;101;16;72;9957;315;57;94
68;61;4;15;57;5;10;99525;342;6;95
86;645;25;2;83;8;28;99815;328;6;10
84;635;36;2;89;15;55;99745;331;57;104
77;43;25;26;73;29;63;99615;337;58;105
89;59;5;2;337;27;81;9964;304;161;95
9;82;14;26;89;9;23;9984;339;63;98
77;43;25;26;73;29;63;99615;337;58;105
69;52;25;26;81;10;37;99685;346;5;11
52;48;4;16;54;19;106;9927;354;62;122
8;38;6;18;78;12;49;99625;337;52;99
85;37;2;28;9;18;58;998;334;7;96
69;52;25;26;81;10;37;99685;346;5;11
82;1;9;23;65;7;37;99685;332;55;9
72;63;0;19;97;14;38;99675;337;58;9
72;63;0;19;97;14;38;99675;337;58;9
72;645;0;19;97;15;39;99675;337;58;92
72;63;0;19;97;14;38;99675;337;58;9
82;1;9;23;65;7;37;99685;332;55;9
89;635;37;17;263;5;62;9971;3;109;93
12;38;56;21;93;6;24;99925;314;71;109
77;58;1;18;102;28;109;99565;308;49;98
15;21;44;22;75;10;24;100005;307;84;92
15;21;44;22;75;10;24;100005;307;84;92
73;66;0;2;84;6;23;9983;361;96;99
71;68;7;19;75;16;51;99685;338;52;95
82;6;17;23;72;11;73;9963;32;45;93
77;53;6;17;74;9;39;99615;335;48;98
73;66;0;2;84;6;23;9983;361;96;99
108;32;44;16;63;16;37;9985;322;78;10
71;6;0;18;74;16;34;9972;347;7;99
111;35;48;31;9;5;21;9986;317;53;105
77;775;42;19;92;8;86;9959;323;59;95
71;6;0;18;74;16;34;9972;347;7;99
8;57;23;32;73;17;119;99675;326;57;93
94;34;37;22;75;5;13;998;322;62;92
66;695;0;21;75;12;56;9968;349;67;92
77;41;76;18;611;8;45;9968;306;126;94
10;31;47;26;85;14;33;99965;336;8;105
79;33;23;17;77;18;45;99625;329;65;93
7;975;4;2;87;12;67;99565;335;6;94
8;52;3;17;7;10;35;99575;334;57;10
79;37;23;18;77;23;49;9963;328;67;93
125;56;49;24;64;5;27;9999;308;87;109
118;26;52;18;71;6;10;9968;32;72;102
81;87;0;33;96;26;61;100025;36;72;98
79;35;46;36;78;15;37;9973;335;86;128
69;54;4;3;77;7;27;9987;369;91;94
115;18;51;4;104;4;23;9996;328;97;101
79;545;6;4;87;27;61;9965;336;67;107
115;18;51;4;104;4;23;9996;328;97;101
109;37;58;4;71;17;65;99935;322;78;101
84;715;2;24;76;10;38;99735;331;64;94
75;65;18;7;88;27;94;99915;338;77;94
79;545;6;4;87;27;61;9965;336;67;107
69;54;4;3;77;7;27;9987;369;91;94
115;18;51;4;104;4;23;9996;328;97;101
103;32;45;64;73;5;13;9976;323;82;126
89;4;32;56;87;10;47;9991;338;77;105
114;26;44;36;71;6;19;9986;312;82;93
77;27;68;35;358;5;10;9972;325;108;99
76;52;12;3;67;12;53;9971;336;57;91
89;4;32;56;87;10;47;9991;338;77;105
99;59;7;34;102;32;71;100015;331;71;98
99;59;7;34;102;32;71;100015;331;71;98
12;45;55;2;73;25;49;9997;31;76;103
75;4;12;3;92;29;53;9967;337;7;103
87;52;9;25;91;20;49;9976;334;86;106
116;42;53;33;105;33;98;1001;32;95;92
87;52;9;25;91;20;49;9976;334;86;106
11;2;48;2;343;6;18;9979;33;71;105
104;55;23;27;91;18;48;9994;322;64;103
69;36;25;24;98;5;16;9964;341;6;101
133;34;52;32;94;17;53;10014;305;81;95
108;5;46;25;73;5;27;10001;305;64;95
106;83;37;26;86;26;70;9981;316;52;99
71;63;6;2;83;8;29;99855;367;73;96
72;65;2;23;94;5;31;9993;367;8;97
69;67;6;21;8;8;33;99845;368;71;96
75;53;6;26;86;20;44;9965;338;59;107
111;18;48;15;68;7;15;9973;322;64;101
83;705;12;26;92;12;28;9994;351;72;10
74;67;12;16;186;5;21;996;339;54;95
84;65;6;21;112;12;90;9973;32;52;92
103;53;48;25;63;6;25;9998;312;59;93
76;62;32;22;82;7;54;9966;336;52;94
103;41;42;24;213;6;14;9994;319;62;95
103;43;44;24;214;5;12;9994;319;63;95
74;29;38;17;62;9;30;9968;341;53;95
103;53;48;25;63;6;25;9998;312;59;93
79;53;24;2;72;15;105;996;327;54;94
9;46;31;28;93;19;98;99815;332;63;95
86;47;3;3;76;30;135;9976;33;53;94
74;36;29;26;87;26;72;99645;339;68;11
71;35;29;25;96;20;53;9962;342;65;11
96;56;23;34;102;37;92;9996;33;65;101
96;77;12;29;82;30;74;99865;33;64;104
98;66;39;32;83;21;59;9989;337;71;115
96;77;12;29;82;30;74;99865;33;64;104
98;66;39;32;83;21;59;9989;337;71;115
93;61;26;34;9;25;87;99975;324;62;97
78;62;5;23;79;6;18;99735;329;63;93
103;59;42;28;9;35;73;999;328;7;95
10;49;2;11;71;13;50;10015;316;69;92
10;49;2;11;71;13;50;10015;316;69;92
116;53;66;365;121;6;14;9978;305;74;115
103;44;5;45;107;5;13;998;328;83;115
134;27;62;26;82;6;21;10002;316;67;97
107;46;39;2;61;7;15;9981;318;62;95
102;36;64;29;122;10;41;998;323;66;125
102;36;64;29;122;10;41;998;323;66;125
8;58;28;32;66;21;114;9973;322;54;94
84;56;8;21;105;16;44;9958;313;52;11
79;65;1;25;78;17;38;9963;334;74;117
119;695;53;34;128;7;21;9992;317;84;122
89;43;45;19;52;6;16;9948;335;7;125
78;43;32;28;8;29;58;9974;331;64;103
124;49;58;3;103;28;99;10008;316;1;115
125;28;54;23;82;12;29;9997;311;136;98
122;34;5;24;66;10;21;1;312;118;92
106;42;48;27;65;5;18;9972;321;87;113
109;39;47;18;118;6;14;9982;33;75;98
109;39;47;18;118;6;14;9982;33;75;98
119;57;5;26;82;6;32;10006;312;78;107
7;685;0;19;67;40;63;9979;36;81;99
66;815;2;27;72;17;34;9955;358;89;123
138;49;67;3;93;6;15;9986;302;93;12
96;56;31;28;89;15;46;9979;311;92;10
91;785;0;26;93;11;28;9994;336;86;94
107;67;22;27;107;17;34;10004;328;98;99
91;795;0;26;96;11;26;9994;335;83;94
77;665;0;24;9;8;19;9974;327;73;93
135;53;79;48;12;23;77;10018;318;77;13
61;21;4;14;66;405;165;9912;325;59;119
67;75;1;24;78;17;32;9955;355;61;128
115;41;52;3;8;29;55;10001;326;88;11
105;42;66;295;116;12;29;997;324;75;117
119;43;66;31;109;10;23;1;315;85;104
126;38;66;26;88;10;41;1001;317;68;98
82;7;23;2;99;14;81;9973;319;7;94
86;45;31;26;86;21;50;9982;337;91;99
119;58;66;25;72;6;37;9992;305;56;10
125;46;63;2;71;6;15;9988;299;87;102
128;615;66;58;83;7;42;10022;307;73;10
10;42;5;34;107;7;21;9979;326;93;118
128;615;66;58;83;7;42;10022;307;73;10
104;575;61;26;76;11;24;1;316;69;9
103;34;52;28;159;15;75;9998;318;64;94
94;27;53;24;74;6;18;9962;32;113;12
69;765;2;23;63;35;63;9975;357;78;99
79;24;4;16;56;11;25;9967;332;87;87
91;28;48;18;67;26;46;9967;332;104;106
74;55;22;22;106;12;72;9959;305;63;92
14;41;63;38;89;6;47;10014;301;81;108
115;54;71;44;124;6;15;9984;301;83;118
115;45;5;3;78;19;47;10003;326;111;11
94;27;53;24;74;6;18;9962;32;113;12
114;625;66;62;88;6;24;9988;311;99;133
83;42;38;25;94;24;60;9979;331;7;108
83;26;42;2;8;11;27;9974;321;8;94
137;415;68;29;85;17;43;10014;306;8;10
83;26;42;2;8;11;27;9974;321;8;94
83;26;42;2;8;11;27;9974;321;8;94
77;51;28;21;87;23;54;998;342;74;92
74;63;7;24;9;11;37;9979;343;76;97
78;54;26;2;88;23;48;9981;341;74;92
83;66;15;19;79;17;42;9972;331;54;96
78;46;26;19;88;23;53;9981;343;74;92
96;38;31;25;96;16;49;9982;319;7;10
56;85;5;14;45;12;88;9924;356;82;129
137;415;68;29;85;17;43;10014;306;8;10
95;37;52;2;82;6;26;998;318;51;95
84;665;61;2;112;13;95;997;316;54;91
127;6;65;23;63;6;25;9997;303;57;99
12;37;76;42;66;7;38;10004;322;6;13
66;735;2;79;122;68;124;9994;347;53;99
115;59;59;26;87;13;49;9988;318;65;11
115;59;59;26;87;13;49;9988;318;65;11
87;765;22;23;64;9;42;9963;31;55;94
66;735;2;79;122;68;124;9994;347;53;99
77;26;3;17;59;20;38;9949;329;47;108
122;48;54;26;85;19;64;1;31;61;105
114;6;49;27;85;10;41;9994;315;63;105
77;69;5;27;75;15;27;9974;326;61;91
87;31;46;14;59;11;25;9966;336;76;101
98;44;47;25;63;9;28;9981;324;65;108
12;39;66;3;93;12;30;9996;318;63;108
104;34;58;37;174;6;16;997;319;7;113
125;46;49;45;7;26;49;9981;305;57;96
9;43;34;25;8;26;86;9987;338;62;95
91;45;35;24;8;23;78;9987;338;62;95
71;735;16;19;1;15;77;9966;327;64;93
99;4;53;67;97;6;19;9986;327;82;117
88;52;34;27;87;24;122;9982;326;61;95
86;725;24;66;117;31;134;10014;332;107;93
106;48;64;22;111;6;20;997;326;66;117
7;58;12;19;91;34;124;9956;344;48;105
119;38;51;2;121;7;20;9996;324;76;104
68;77;0;18;66;34;52;9976;362;68;99
95;56;33;24;89;35;67;9972;328;73;118
66;84;3;23;59;32;48;9952;352;56;123
77;96;2;2;47;15;60;9955;336;44;109
105;24;47;21;66;6;24;9978;315;9;11
77;96;2;2;47;15;60;9955;336;44;109
66;84;3;23;59;32;48;9952;352;56;123
64;67;8;21;45;19;48;9949;349;49;114
95;78;22;19;77;6;32;9988;326;56;106
91;52;33;13;7;9;30;9978;324;6;93
128;84;63;24;88;13;35;9997;31;6;104
105;24;47;21;66;6;24;9978;315;9;11
78;55;35;22;74;21;66;9974;325;56;92
119;37;69;23;78;12;24;9958;3;65;128
123;39;63;23;91;6;18;10004;316;49;95
104;41;55;32;76;22;54;9996;315;89;99
123;39;63;23;91;6;18;10004;316;49;95
8;67;3;2;6;38;62;9958;326;56;102
111;45;73;32;66;6;22;9986;317;66;112
104;41;55;32;76;22;54;9996;315;89;99
7;62;18;15;62;7;50;9951;308;6;93
126;31;72;22;72;6;29;9987;288;82;98
119;4;65;215;68;7;27;9988;306;68;113
156;685;76;37;1;6;43;10032;295;68;112
10;44;49;27;77;11;19;9963;323;63;116
53;57;1;17;54;5;27;9934;357;84;125
95;735;1;21;79;6;31;9986;323;56;101
125;38;6;26;81;31;72;9996;31;73;105
93;48;29;21;127;6;16;9968;322;72;112
86;53;22;2;1;7;27;9967;32;56;102
119;39;69;28;95;17;35;9994;31;61;108
119;39;69;28;95;17;35;9994;31;61;108
84;37;53;18;413;9;26;9979;306;106;91
68;56;3;17;84;18;35;9968;344;63;10
104;33;63;28;84;5;22;9998;326;74;112
7;23;4;16;63;21;67;9952;35;63;111
113;62;67;52;86;6;19;9988;322;69;134
89;59;39;23;95;5;22;9986;337;58;103
92;63;21;27;97;29;65;9988;328;58;96
104;33;63;28;84;5;22;9998;326;74;112
116;58;66;22;74;10;47;10008;325;57;9
92;43;52;23;83;14;23;9976;335;61;113
83;615;22;26;87;6;19;9982;326;61;93
11;26;68;255;85;10;25;997;318;61;118
81;66;7;22;98;25;129;9972;308;53;9
115;315;54;21;84;5;15;9987;298;7;92
10;29;4;29;98;10;26;10006;348;91;97
103;5;42;2;69;21;51;9982;316;72;115
88;46;45;26;65;7;18;9947;332;79;14
114;36;69;21;9;6;21;1;317;62;92
87;82;2;12;7;36;48;9952;32;58;98
13;32;65;26;93;15;47;9996;305;61;106
96;54;42;24;81;25;52;997;32;71;114
125;37;55;26;83;25;68;9995;315;82;104
99;35;55;21;62;5;14;9971;326;79;106
105;28;51;17;8;10;24;9982;32;89;94
96;68;24;22;87;5;28;9988;314;6;102
93;27;41;2;91;6;16;998;328;7;97
104;24;49;18;75;6;20;9977;318;106;11
96;68;24;22;87;5;28;9988;314;6;102
94;685;11;27;77;6;31;9984;319;7;101
106;28;39;155;69;6;23;10026;312;66;92
94;3;56;28;8;6;17;9964;315;92;117
106;36;59;22;152;6;18;9986;304;105;94
106;36;6;22;152;7;18;9986;304;106;94
106;44;68;41;114;6;24;997;306;66;134
102;67;39;19;54;6;17;9976;317;47;10
102;67;39;19;54;6;17;9976;317;47;10
102;645;36;18;53;5;14;9982;317;42;10
116;32;55;28;81;35;67;10002;332;92;108
93;39;4;26;73;10;26;9984;334;75;102
93;775;27;28;78;24;56;9984;331;67;106
92;41;5;25;55;12;25;9952;334;79;133
89;4;51;26;52;13;27;995;332;9;134
87;69;31;3;86;23;81;10002;348;74;116
65;39;23;83;51;28;91;9952;344;55;121
107;35;53;26;7;5;16;9972;315;65;11
78;52;25;19;81;14;38;9984;343;65;9
72;34;32;25;9;43;113;9966;332;79;111
107;35;53;26;7;5;16;9972;315;65;11
87;69;31;3;86;23;81;10002;348;74;116
78;52;25;19;81;14;38;9984;343;65;9
104;44;73;655;74;38;76;999;317;85;12
104;44;73;655;74;38;76;999;317;85;12
105;26;47;19;78;6;24;9976;318;104;109
105;24;42;18;77;6;22;9976;321;105;108
102;49;63;29;72;10;26;9968;316;78;125
104;24;46;18;75;6;21;9976;325;102;108
112;67;55;23;84;6;13;1;317;71;95
10;59;31;22;9;26;62;9994;318;63;102
133;29;75;28;84;23;43;9986;304;68;114
124;42;49;46;73;19;43;9978;302;61;95
10;59;31;22;9;26;62;9994;318;63;102
107;4;48;21;125;15;49;998;303;81;97
105;51;64;24;107;6;15;9973;309;66;118
105;51;64;24;107;6;15;9973;309;66;118
85;655;49;61;122;34;151;1001;331;114;93
125;6;49;43;1;5;14;1001;325;74;119
104;61;49;21;2;5;16;9994;316;63;84
109;21;49;28;88;11;32;9972;322;68;117
73;365;49;25;88;39;106;9966;336;78;11
98;25;49;27;88;15;33;9982;342;9;10
76;41;49;2;88;16;43;998;348;64;91
82;39;49;23;99;47;133;9979;338;99;98
93;4;49;25;85;38;142;9978;322;55;94
92;43;49;24;86;23;116;9976;323;64;95
104;64;24;28;105;29;53;9998;324;67;99
73;365;49;25;88;39;106;9966;336;78;11
7;38;49;25;97;33;85;9962;339;77;114
82;42;49;26;84;32;55;9988;334;75;87
99;63;24;24;77;6;33;9974;309;57;94
91;22;24;21;78;1;28;999;341;87;103
119;38;49;27;98;12;42;10004;316;61;103
119;38;49;27;98;12;42;10004;316;61;103
103;27;24;21;72;15;33;9956;322;66;128
10;48;24;27;102;13;32;1;328;56;10
91;22;24;21;78;1;28;999;341;87;103
99;63;24;24;77;6;33;9974;309;57;94
81;825;24;21;84;5;13;9972;337;77;107
129;35;49;58;66;5;35;10014;32;66;12
112;5;74;515;1;5;17;9996;322;62;112
92;59;24;33;101;20;47;9988;326;67;96
95;46;49;63;64;5;17;9988;321;73;11
93;715;24;21;7;5;20;9966;312;59;99
112;66;24;25;85;16;53;9993;306;72;11
143;31;74;18;75;6;15;10008;286;79;84
91;47;49;26;94;38;106;9982;308;59;91
75;55;24;2;78;10;28;9983;345;78;95
106;31;49;25;67;6;21;9987;326;86;107
124;35;49;26;79;27;69;9994;312;75;104
9;53;49;19;171;6;25;9975;327;61;94
68;51;1;21;74;9;25;9958;333;56;95
94;43;24;28;92;14;45;998;319;73;10
95;46;24;27;92;14;44;998;312;74;10
5;104;24;16;5;32;96;9934;374;62;115
155;645;49;42;95;10;23;100315;292;74;111
155;645;49;42;95;10;23;100315;292;74;111
109;53;49;46;118;10;17;10002;307;56;117
156;645;49;42;95;10;23;100315;292;74;111
109;53;49;46;118;10;17;10002;307;56;117
13;47;49;43;85;6;47;10021;33;68;127
127;6;49;28;75;5;19;9994;314;57;114
9;44;49;24;78;26;121;9978;323;58;92
9;54;49;29;94;41;110;9982;308;61;92
76;29;49;27;92;25;60;9971;331;61;101
13;47;49;43;85;6;47;10021;33;68;127
127;6;49;28;75;5;19;9994;314;57;114
87;7;24;25;226;5;15;9991;332;6;9
87;7;24;25;226;5;15;9991;332;6;9
98;5;49;26;25;5;20;999;331;79;107
62;36;24;22;95;19;42;9946;357;57;117
115;35;49;33;7;10;37;10003;332;91;11
62;36;24;22;95;19;42;9946;357;57;117
102;24;49;24;75;10;28;9978;314;61;104
105;59;49;21;7;14;47;9991;33;56;96
106;34;49;32;78;20;78;9992;319;7;10
123;27;49;31;79;28;46;9993;32;8;102
99;5;24;23;103;6;14;9978;334;52;10
88;44;49;28;83;18;111;9982;33;6;95
88;47;49;29;85;17;110;9982;329;6;98
106;31;49;22;63;18;40;9976;314;51;98
123;5;49;22;89;5;14;10002;319;44;96
123;5;49;22;89;5;14;10002;319;44;96
117;49;49;22;83;5;15;1;319;43;92
12;28;49;19;74;10;21;9976;298;66;99
118;33;49;34;93;54;80;10002;33;76;107
76;51;24;24;91;8;38;998;347;66;96
111;31;49;27;94;16;47;9986;312;102;106
73;73;24;19;108;18;102;9967;326;59;93
5;42;24;2;6;19;50;9917;372;74;14
102;29;49;26;59;5;13;9976;305;74;105
9;45;49;26;84;21;75;9987;335;57;97
66;39;49;17;7;23;149;9922;312;5;115
9;45;49;26;84;21;75;9987;335;57;97
99;49;58;35;94;9;43;10004;329;58;9
79;72;17;26;96;20;38;9978;34;53;95
89;595;41;79;86;30;109;9998;327;57;93
124;4;51;2;59;6;24;9994;304;6;93
119;58;58;19;71;5;18;998;309;63;10
85;585;18;21;78;5;30;9967;32;48;98
127;59;45;23;82;11;22;1;3;7;93
82;915;27;21;88;7;23;9962;326;47;10
132;46;52;22;71;12;35;10006;31;56;9
77;835;0;26;81;6;14;9975;33;52;93
132;46;52;22;71;12;35;10006;31;56;9
83;58;13;29;96;14;63;9984;317;62;91
83;6;13;26;85;6;24;9984;331;59;92
94;41;48;46;72;10;20;9973;334;79;122
88;48;41;33;92;26;52;9982;331;53;105
101;65;37;51;11;11;65;10026;332;64;104
63;36;19;32;75;15;39;9956;356;52;127
88;24;54;25;83;25;57;9983;339;54;92
132;38;55;27;81;5;16;10006;298;54;94
75;64;0;24;77;18;29;9965;332;6;10
82;39;38;15;58;10;29;9962;326;74;98
92;755;18;22;148;10;103;9969;287;136;102
96;6;5;23;79;28;71;9997;35;57;97
96;6;5;23;79;28;71;9997;35;57;97
115;31;51;22;79;14;28;9982;303;93;98
114;46;5;27;122;4;17;10006;313;7;102
113;37;41;23;88;6;16;9988;309;8;93
83;54;24;34;76;16;112;9976;327;61;94
82;56;23;34;78;14;104;9976;328;62;94
10;58;22;19;8;9;32;9974;313;55;95
79;51;25;29;77;21;45;9974;349;96;121
68;69;0;56;124;21;58;9997;346;72;102
68;69;0;56;124;21;58;9997;346;72;102
88;6;29;22;98;5;15;9988;336;49;91
88;6;29;22;98;5;15;9988;336;49;91
87;54;26;25;97;7;31;9976;327;6;93
76;685;23;23;111;20;84;9964;321;61;93
87;54;26;25;97;7;31;9976;327;6;93
104;28;54;27;105;5;19;9988;325;63;95
76;41;14;3;87;21;43;9964;332;57;105
101;935;22;34;105;11;86;1001;343;64;113
79;35;21;19;73;46;102;9964;327;58;95
87;84;0;14;65;24;33;9954;327;55;97
96;88;28;24;86;30;147;9979;324;53;94
95;885;27;23;84;31;145;9978;324;53;94
77;915;12;22;143;7;23;9964;335;65;102
89;29;35;19;67;25;57;997;318;136;103
99;54;45;23;71;16;40;9991;339;62;94
95;59;44;23;71;21;68;9992;346;63;95
99;54;45;23;71;16;40;9991;339;62;94
95;59;44;23;71;21;68;9992;346;63;95
99;54;45;23;71;16;40;9991;339;62;94
78;64;1;6;115;5;11;9984;337;69;101
73;67;5;36;107;6;20;9972;34;63;101
83;845;1;22;7;5;14;9967;332;58;11
87;48;3;28;66;10;28;9964;333;67;112
67;42;27;86;68;24;148;9948;316;57;113
107;43;39;22;106;8;32;9986;289;5;96
98;88;25;25;104;35;155;1001;341;67;112
159;36;65;75;96;22;71;9976;298;84;149
94;33;59;28;79;9;30;9976;312;54;12
86;47;47;24;74;7;29;9979;308;46;95
97;55;17;29;87;20;53;10004;314;61;94
107;43;39;22;106;8;32;9986;289;5;96
12;5;59;14;73;23;42;998;292;68;105
72;52;7;14;74;5;20;9973;332;81;96
71;84;2;44;96;5;13;997;341;57;11
72;52;7;14;74;5;20;9973;332;81;96
75;42;31;16;8;15;42;9978;331;64;9
72;57;6;16;76;9;27;9972;336;7;96
101;28;46;18;5;5;13;9974;304;79;102
121;4;52;2;92;15;54;1;303;66;102
94;59;14;2;84;25;48;9981;314;56;97
83;49;36;18;222;6;16;998;318;6;95
113;34;45;2;82;6;15;9988;294;66;92
10;73;43;23;59;15;31;9966;315;57;11
113;34;45;2;82;6;15;9988;294;66;92
69;4;24;25;83;30;45;9959;326;58;10
82;73;21;17;74;5;13;9968;32;52;95
98;124;34;2;79;32;151;998;315;53;95
82;73;21;17;74;5;13;9968;32;52;95
108;4;41;22;84;7;17;9984;308;67;93
93;41;39;22;64;12;31;9984;326;65;102
108;4;41;22;84;7;17;9984;308;67;93
86;8;11;23;84;12;31;9979;34;48;99
83;78;1;26;81;45;87;9983;348;53;10
108;26;45;33;6;20;49;9972;313;54;96
133;43;58;19;7;15;40;10004;306;49;9
8;45;23;22;94;16;29;9962;321;49;102
85;46;31;225;78;32;58;998;333;54;98
81;78;23;26;59;5;15;997;337;56;113
98;98;32;23;78;35;152;998;325;48;94
81;78;23;26;59;5;15;997;337;56;113
71;65;18;18;7;13;40;997;344;6;91
91;64;23;31;95;13;38;9998;328;59;97
77;66;4;16;39;4;9;9962;34;47;94
81;38;48;18;157;5;17;9976;33;105;94
74;1185;0;425;97;5;14;9966;363;54;107
92;92;24;26;87;12;93;9998;348;54;98
86;49;51;2;422;16;62;9979;303;117;9
9;48;32;28;84;21;122;9984;332;62;94
9;47;31;27;84;24;125;9984;331;61;94
51;47;2;13;34;18;44;9921;39;62;128
7;65;2;21;66;8;25;9972;347;67;95
7;65;2;21;66;8;25;9972;347;67;95
94;615;28;32;87;18;72;10001;331;53;97
118;38;55;21;71;5;19;9986;311;62;108
106;102;43;29;76;26;88;9984;308;57;101
7;65;2;21;66;8;25;9972;347;67;95
7;64;2;21;67;9;23;997;347;67;94
75;38;48;26;73;22;84;9972;332;7;96
91;765;4;16;78;4;14;998;329;54;97
84;1035;15;6;73;11;54;999;337;49;99
7;78;8;2;93;10;19;9956;34;47;10
74;49;19;3;77;16;37;9966;337;51;105
78;545;12;25;68;11;35;996;334;61;116
97;31;47;16;62;13;33;9983;327;66;10
106;1025;43;28;8;21;84;9985;306;57;101
89;565;34;3;93;16;112;9998;338;61;95
87;69;0;32;84;13;33;9992;336;45;94
8;43;36;23;75;10;48;9976;334;46;94
99;74;28;26;78;21;77;998;328;51;98
72;49;18;27;69;13;34;9967;329;48;92
8;43;36;23;75;10;48;9976;334;46;94
76;46;11;26;79;12;49;9968;321;57;10
84;56;4;2;82;10;22;9976;322;44;96
71;66;0;39;86;17;45;9976;346;54;95
84;56;4;2;82;10;22;9976;322;44;96
89;48;24;285;94;35;106;9982;31;53;92
76;42;8;27;84;15;48;9968;321;59;10
71;31;3;22;53;36;127;9965;294;162;95
75;1115;1;31;86;5;12;9958;354;6;112
9;66;17;3;77;5;13;9976;329;55;104
81;72;9;28;84;18;49;9994;343;72;111
64;57;2;18;67;4;11;997;346;68;95
64;57;2;18;67;4;11;997;346;68;95
64;865;3;32;71;27;58;995;361;49;127
95;55;66;23;387;12;37;9982;317;67;96
89;875;13;345;88;4;14;9994;344;52;115
73;835;3;21;92;10;19;9966;339;47;96
7;45;34;27;82;16;72;998;355;6;95
77;56;2;2;75;9;39;9987;348;62;93
77;965;1;21;112;11;22;9963;326;5;95
77;965;1;21;112;11;22;9963;326;5;95
82;59;0;25;93;19;58;10002;35;65;93
9;46;23;28;92;28;104;9983;31;56;92
9;69;0;24;88;19;38;999;335;6;93
83;76;29;42;75;12;16;9965;345;68;115
92;53;24;26;78;28;139;99788;321;57;95
65;615;0;19;65;9;18;9972;346;65;92
116;41;58;28;96;25;101;100024;313;53;10
111;39;54;27;95;21;101;10001;313;51;95
73;51;18;21;7;12;28;99768;352;73;95
82;34;38;25;8;12;57;9978;33;47;9
86;33;4;26;83;16;68;99782;33;48;94
72;5;18;21;71;12;31;99761;352;72;96
73;51;18;21;7;12;28;99768;352;73;95
83;65;1;29;89;17;40;99803;329;55;95
83;65;1;29;89;17;40;99803;329;55;95
76;54;13;25;97;24;66;99785;339;61;94
83;65;1;29;89;17;40;99803;329;55;95
78;48;68;17;415;14;32;99656;309;106;91
78;91;7;19;58;22;47;99525;351;43;107
63;98;1;2;57;15;33;99488;36;46;112
81;87;0;22;84;10;31;99656;325;5;98
81;87;0;22;84;10;31;99656;325;5;98
88;42;21;25;92;33;88;99823;319;52;92
9;58;25;28;75;9;104;99779;323;57;97
93;655;26;2;96;5;35;99738;325;42;96
88;7;0;17;69;8;19;99701;331;53;10
93;655;26;2;96;5;35;99738;325;42;96
91;68;11;28;93;11;44;99888;331;55;95
92;67;1;3;91;12;48;99888;331;54;95
88;59;18;29;89;12;74;99738;314;54;94
75;6;32;27;103;13;98;99938;345;62;95
71;59;2;23;82;24;94;99744;355;53;97
79;72;1;19;76;7;32;99668;339;54;96
71;59;2;23;82;24;94;99744;355;53;97
94;685;26;24;82;23;143;9978;328;55;94
95;57;27;23;82;23;144;99782;327;55;94
79;4;29;18;157;1;44;9973;33;92;95
79;4;3;18;157;2;45;99727;331;91;95
72;1;0;3;102;7;16;99586;343;46;10
69;765;18;24;243;55;48;99612;34;6;103
69;635;17;24;241;6;18;9961;34;59;103
83;43;3;34;79;7;34;99788;336;61;105
71;52;3;26;76;21;92;99745;35;6;98
7;57;0;2;19;12;45;99676;331;6;94
65;46;14;24;114;9;37;99732;366;65;98
9;82;5;24;81;26;96;99814;336;53;10
65;46;14;24;114;9;37;99732;366;65;98
71;59;1;25;77;20;85;99746;355;59;98
99;35;41;23;83;11;61;9982;321;5;95
99;35;41;23;83;11;61;9982;321;5;95
10;56;24;22;79;19;58;9991;318;56;101
10;56;24;22;79;19;58;9991;318;56;101
86;63;17;29;99;21;119;998;309;52;93
74;37;43;26;82;18;82;99708;333;68;97
88;64;17;29;84;25;130;99818;323;54;96
71;61;2;25;81;17;87;99745;348;6;97
77;6;0;26;55;7;13;99639;338;56;108
101;27;54;23;65;7;26;99531;317;53;125
108;89;3;26;132;7;60;99786;299;118;102
87;46;31;25;126;24;64;99746;31;74;96
93;37;44;16;38;21;42;99526;324;81;108
94;5;34;36;82;5;14;9987;329;52;107
94;5;34;36;82;5;14;9987;329;52;107
72;61;8;4;82;26;108;99641;325;51;94
86;55;9;33;68;8;17;99735;323;44;10
51;585;0;17;44;14;86;99264;356;94;129
77;56;8;25;114;14;46;9971;324;66;96
84;52;22;27;84;4;18;99682;326;57;99
82;28;4;24;52;4;10;99356;333;7;128
84;25;39;2;41;4;10;99386;327;71;125
82;28;4;24;52;4;10;99356;333;7;128
74;53;12;19;165;4;12;99702;326;86;92
76;48;31;28;7;4;15;99693;322;55;103
73;49;1;26;68;4;14;99562;33;47;105
129;5;55;28;72;7;24;1,00E+16;309;68;109
108;45;33;25;99;20;38;99818;324;71;108
69;39;24;21;102;4;7;99462;344;58;114
126;41;54;28;103;19;41;99939;321;76;113
108;45;33;25;99;20;38;99818;324;71;108
98;51;19;32;81;8;30;9984;323;58;105
108;29;42;16;84;19;27;99545;328;73;119
71;715;0;235;71;21;47;99632;329;45;94
91;66;15;32;97;9;59;99976;328;54;96
7;685;0;19;99;9;22;99606;334;6;97
49;42;0;21;48;16;42;99154;371;74;14
67;54;13;2;76;15;36;9973;361;64;98
67;54;13;2;76;15;36;9973;361;64;98
71;48;28;28;68;6;16;99682;324;53;103
71;46;14;28;76;15;37;99624;336;49;107
75;27;34;23;5;4;8;9951;34;64;11
71;46;14;28;76;15;37;99624;336;49;107
78;57;9;23;65;34;45;99417;346;74;127
59;61;8;21;71;16;24;99376;356;77;111
75;685;7;25;58;5;9;99632;338;55;109
59;61;8;21;71;16;24;99376;356;77;111
104;44;42;15;145;34;48;99832;338;86;99
116;47;44;16;147;36;51;99836;338;86;99
88;685;26;16;88;16;23;99694;332;47;94
76;665;1;15;66;27;55;99655;339;51;93
67;28;28;24;12;36;100;99064;326;39;117
67;28;28;24;12;36;100;99064;326;39;117
101;31;35;16;75;9;28;99672;324;83;112
6;5;4;22;92;13;26;99647;346;47;10
111;42;47;265;85;9;34;99736;324;77;121
66;66;0;3;115;21;31;99629;345;63;103
106;5;45;26;119;34;68;99708;323;72;109
71;685;35;2;88;9;92;9963;328;62;94
99;25;46;17;62;26;42;9959;318;83;106
64;64;21;18;81;14;31;99689;359;66;98
64;64;21;18;81;14;31;99689;359;66;98
74;68;16;18;78;12;39;9977;35;7;99
64;64;21;18;81;14;31;99689;359;66;98
64;63;21;16;8;12;32;99689;358;66;98
93;43;44;19;85;9;22;99708;328;55;95
93;43;44;19;85;9;22;99708;328;55;95
8;42;32;25;8;26;122;99801;322;107;97
93;36;39;15;8;41;55;99652;347;73;109
93;36;39;15;8;41;55;99652;347;73;109
76;735;2;25;71;10;14;99538;351;71;117
93;36;39;15;8;41;55;99652;347;73;109
82;26;34;25;73;16;47;99594;34;78;113
117;28;47;17;54;17;32;99686;315;67;106
68;56;22;18;74;15;24;99438;34;82;112
72;62;6;27;77;15;85;99746;351;54;95
58;101;66;2;39;15;88;99357;366;6;115
75;42;32;27;67;7;25;99628;324;44;104
72;62;6;25;78;17;84;99746;351;53;97
72;62;6;27;77;15;85;99746;351;54;95
72;635;7;26;77;16;86;99748;351;54;97
68;49;22;23;71;13;24;99438;341;83;113
69;51;23;2;72;13;22;99438;34;84;112
68;56;22;18;74;15;24;99438;34;82;112
76;63;3;2;8;27;43;99578;344;64;109
77;715;1;21;64;31;43;99371;341;57;118
69;56;3;15;86;36;46;99522;353;57;106
73;35;24;2;67;28;48;99576;343;54;10
91;21;37;16;67;6;10;99552;323;58;111
104;38;46;21;104;6;10;99664;312;65;118
88;31;4;28;109;7;16;99614;331;79;118
71;47;0;22;67;7;14;99517;34;58;109
77;715;1;21;64;31;43;99371;341;57;118
88;61;19;4;94;30;69;99787;322;5;10
72;6;4;25;76;18;88;99745;353;55;95
92;56;18;16;78;10;21;99576;315;49;99
76;715;0;21;68;30;35;99533;348;65;114
84;31;29;31;194;14;26;99536;322;78;12
72;6;4;25;76;18;88;99745;353;55;95
88;61;19;4;94;30;69;99787;322;5;10
89;75;14;25;86;9;30;99824;334;64;105
9;8;12;24;83;8;28;99836;333;65;104
107;52;38;26;66;29;56;99577;315;79;121
68;57;0;25;72;32;64;99491;343;56;112
107;9;34;66;112;23;99;100289;322;68;93
72;34;24;2;71;30;52;99576;344;58;101
72;66;3;23;78;16;86;99743;353;57;97
101;45;23;19;82;10;18;99774;322;65;93
72;66;3;23;78;16;86;99743;353;57;97
72;63;3;22;8;17;88;99745;353;58;98
71;59;1;23;8;27;43;9955;342;58;107
83;31;39;24;78;17;43;99444;331;77;125
71;59;1;23;8;27;43;9955;342;58;107
83;31;39;24;78;17;43;99444;331;77;125
83;102;2;34;84;6;11;99892;348;49;11
89;31;36;26;56;10;39;99562;34;69;118
74;635;1;24;8;16;33;99736;358;69;108
74;635;1;24;8;16;33;99736;358;69;108
68;59;6;6;6;11;18;9962;341;59;108
68;59;6;6;6;11;18;9962;341;59;108
92;58;2;3;81;15;115;998;323;59;95
72;54;27;26;84;12;78;9964;339;71;11
61;56;0;22;79;6;9;9948;359;54;115
74;52;13;24;78;34;61;99528;343;59;108
73;305;39;12;59;7;11;99331;329;52;115
93;38;48;38;132;3;11;99577;323;57;132
91;28;46;9;114;3;9;99901;318;6;109
10;46;44;29;65;4;8;99674;333;62;122
94;395;46;46;94;3;10;99639;327;64;122
73;305;39;12;59;7;11;99331;329;52;115
86;315;4;22;79;3;6;99512;327;67;119
53;715;19;15;161;7;62;99395;362;61;11
68;41;31;88;84;26;45;99824;338;64;101
84;36;32;22;81;32;79;9964;33;72;11
84;62;12;18;72;38;46;99504;338;89;118
96;41;37;23;91;10;23;99786;324;56;105
84;36;32;22;81;32;79;9964;33;72;11
84;62;12;18;72;38;46;99504;338;89;118
68;41;31;88;84;26;45;99824;338;64;101
86;47;27;23;55;14;28;99516;318;8;112
86;22;36;19;64;53;77;99604;347;87;11
94;24;33;23;61;52;73;99786;347;9;102
84;67;19;22;93;11;75;99736;32;59;92
86;47;27;23;55;14;28;99516;318;8;112
87;33;38;33;63;10;19;99468;33;73;12
66;61;1;19;8;8;25;99746;369;73;105
74;61;1;2;74;13;38;99748;348;65;98
76;4;29;19;78;29;66;9971;345;59;95
74;61;1;2;74;13;38;99748;348;65;98
66;61;1;19;8;8;25;99746;369;73;105
88;3;38;23;6;19;72;99543;339;72;118
88;3;38;23;6;19;72;99543;339;72;118
12;63;5;14;71;6;26;99791;307;6;104
72;38;38;28;68;23;42;99356;334;72;129
62;46;17;16;73;7;11;99425;361;54;114
96;33;52;22;74;13;25;99509;336;76;124
99;27;49;5;82;9;17;99484;319;52;125
101;43;4;26;92;13;52;99834;322;64;10
98;5;34;23;94;10;45;99864;324;6;97
83;3;49;38;9;11;24;99498;327;64;121
102;44;42;2;71;7;20;99566;314;79;111
102;44;58;41;92;11;24;99745;329;99;12
83;28;48;21;93;6;12;99408;326;62;124
89;12;45;18;75;10;21;99552;341;76;119
89;12;45;18;75;10;21;99552;341;76;119
89;12;45;18;75;10;21;99552;341;76;119
83;28;48;21;93;6;12;99408;326;62;124
82;31;4;22;58;6;10;99536;331;68;112
102;34;48;21;52;5;9;99458;32;69;121
76;43;4;27;82;6;11;99538;344;54;122
85;21;52;19;9;9;23;99648;336;67;104
9;36;52;21;111;5;10;99568;331;62;113
95;37;52;2;88;12;51;99613;329;58;111
64;57;12;23;12;25;36;99519;347;71;113
8;59;5;2;89;12;32;99735;336;61;10
85;47;27;19;58;18;38;99518;316;85;111
71;56;14;16;78;7;18;99592;327;62;93
66;57;2;21;115;6;16;99654;338;69;95
88;27;39;2;1;20;27;99546;315;69;112
85;47;27;19;58;18;38;99518;316;85;111
83;34;4;24;65;24;48;99554;334;86;11
9;38;41;24;103;6;10;99604;313;58;119
85;66;2;21;97;23;113;99733;313;48;92
9;4;43;24;68;29;46;9943;32;6;122
67;56;9;29;79;7;22;99669;346;61;102
104;26;48;19;66;6;10;99724;333;87;109
104;26;48;19;66;6;10;99724;333;87;109
101;38;5;24;104;6;13;99643;322;65;116
85;34;44;17;79;6;12;99605;352;63;107
88;33;41;59;73;7;13;99658;33;62;121
72;41;3;21;83;35;72;997;344;52;94
72;41;3;21;83;35;72;997;344;52;94
84;59;29;26;109;31;119;99801;315;5;91
7;4;32;36;61;9;29;99416;328;49;113
122;45;49;14;75;3;6;9969;313;63;104
91;5;3;19;65;8;17;99774;332;71;105
95;86;26;19;79;13;28;99712;325;62;10
73;52;32;21;7;51;70;99418;334;82;129
91;5;3;19;65;8;17;99774;332;71;105
122;45;49;14;75;3;6;9969;313;63;104
74;58;0;2;64;7;11;99562;345;58;113
98;34;39;14;66;3;7;9947;319;55;114
71;36;3;16;8;35;70;99693;344;5;94
77;39;12;17;97;19;27;99596;316;49;94
97;295;4;15;73;14;21;99556;314;51;109
77;39;12;17;97;19;27;99596;316;49;94
71;34;28;2;82;31;68;99694;345;48;94
65;4;1;2;76;30;47;99554;336;48;94
71;34;28;2;82;31;68;99694;345;48;94
10;35;45;25;92;20;88;99918;315;43;94
77;6;6;2;79;19;41;99697;339;62;101
56;66;0;22;87;3;11;99378;371;63;128
56;66;0;22;87;3;11;99378;371;63;128
89;84;34;14;5;4;10;99554;312;48;91
64;69;0;165;55;7;12;99162;347;53;129
75;43;3;22;62;6;12;99495;344;72;115
99;35;38;15;58;31;47;99676;326;82;106
91;29;33;205;63;13;27;99516;326;84;117
68;36;32;18;67;4;8;9928;336;55;128
82;43;29;16;81;27;45;99603;325;54;103
68;36;32;18;67;4;8;9928;336;55;128
91;29;33;205;63;13;27;99516;326;84;117
91;3;34;2;64;12;25;99516;326;84;117
89;35;4;36;11;12;24;99549;323;7;12
96;5;36;28;116;26;55;99722;318;68;109
89;28;45;17;67;7;12;99354;325;55;123
89;32;31;2;88;12;19;9957;317;55;104
77;1005;15;21;102;11;32;99604;323;48;10
75;71;0;16;92;22;31;99635;338;58;10
8;58;16;2;12;3;7;99454;322;58;112
105;39;46;22;75;14;27;99598;306;84;114
89;38;4;22;68;12;28;99486;327;75;126
8;18;37;9;49;36;109;99007;289;44;127
8;18;37;9;49;36;109;99007;289;44;127
7;5;14;18;78;10;23;99636;353;61;104
113;36;66;24;123;3;8;99642;32;53;119
113;36;66;24;123;3;8;99642;32;53;119
7;51;9;21;62;4;9;99584;335;54;105
82;32;42;23;98;3;9;99506;327;55;123
77;58;1;18;88;12;18;99568;332;56;105
86;83;0;28;95;17;43;99822;333;6;104
79;31;32;19;66;14;36;99364;341;56;126
64;795;0;22;65;28;52;99378;349;52;116
72;34;21;25;75;41;68;99586;337;54;101
77;58;1;18;88;12;18;99568;332;56;105
71;59;0;21;91;9;14;99488;342;55;115
73;55;1;18;93;9;15;99514;335;58;11
81;82;0;41;95;5;14;99854;336;53;96
75;57;8;26;89;14;27;99592;33;59;104
89;745;18;25;77;15;48;99739;32;47;97
101;37;34;24;85;5;17;99683;317;65;106
76;31;34;25;82;26;35;99356;322;59;125
73;91;1;18;74;20;56;99672;335;56;92
87;41;41;62;78;25;42;9953;324;77;126
89;5;21;22;88;21;39;99692;333;83;111
74;965;0;22;88;16;32;99756;358;67;102
69;49;19;17;79;13;26;99547;338;64;98
89;5;21;22;88;21;39;99692;333;83;111
95;39;41;89;69;18;39;99859;329;81;109
64;39;33;33;46;12;53;99294;336;62;122
69;44;0;14;7;32;38;99438;332;58;114
76;78;0;17;76;33;45;99612;331;62;107
71;43;17;18;82;27;51;99634;349;64;104
93;49;36;17;81;3;14;99702;327;78;109
93;5;36;18;84;6;17;99704;327;77;108
71;43;17;18;82;27;51;99634;349;64;104
85;46;59;14;414;16;45;99702;303;134;92
56;605;5;24;73;19;25;99258;356;55;129
83;33;42;23;7;9;20;99426;338;77;127
82;64;27;2;95;5;77;99747;313;62;91
82;64;27;2;95;5;77;99747;313;62;91
89;48;53;4;101;3;10;99586;321;59;121
76;42;25;39;104;28;90;99784;315;57;91
99;53;57;24;93;30;52;9971;319;76;116
89;48;53;4;101;3;10;99586;321;59;121
116;23;57;18;74;3;8;9981;314;7;99
91;4;5;18;71;7;16;99462;321;69;125
8;38;44;19;98;6;15;9956;33;64;114
102;29;65;24;75;6;17;99565;322;63;118
82;74;9;2;67;5;10;99418;328;57;118
77;61;18;24;83;6;20;9963;329;6;102
66;52;8;24;7;13;26;99358;34;72;125
111;31;53;22;6;3;10;99572;302;83;109
111;31;53;22;6;3;10;99572;302;83;109
8;62;35;28;86;28;52;997;331;62;108
93;33;45;15;57;19;37;99498;318;89;111
75;77;2;81;98;30;92;99892;32;58;92
72;35;26;18;83;33;75;9968;34;58;95
8;62;33;27;88;16;37;9972;331;58;107
75;77;2;81;98;30;92;99892;32;58;92
91;25;34;2;71;45;67;99769;344;86;102
99;32;56;2;73;3;8;99534;315;73;114
86;37;65;64;8;3;8;99817;327;58;11
86;37;65;64;8;3;8;99817;327;58;11
79;3;68;83;5;375;278;99316;301;51;123
103;27;56;14;47;3;8;99471;316;51;118
79;3;68;83;5;375;289;99316;301;51;123
72;38;3;18;73;31;70;99685;342;59;95
87;42;45;24;72;32;59;99617;333;77;12
72;38;3;18;73;31;70;99685;342;59;95
68;48;8;18;74;40;64;99529;312;49;96
85;34;4;47;55;3;9;99738;338;66;116
79;19;42;16;57;18;30;994;329;69;112
116;41;54;15;95;22;41;99735;302;76;99
116;41;54;15;95;22;41;99735;302;76;99
10;26;54;19;83;42;74;99451;298;63;118
79;34;42;2;86;8;19;99546;335;6;114
7;54;9;2;81;10;16;99479;343;59;115
92;31;36;22;79;11;31;99615;333;86;12
66;725;9;55;117;9;17;99655;335;49;108
94;4;47;25;87;6;20;99772;315;5;105
66;725;9;55;117;9;17;99655;335;49;108
86;52;38;15;96;5;18;99666;32;52;94
8;31;45;21;216;5;16;99358;315;81;125
86;52;38;15;96;5;18;99666;32;52;94
84;34;42;21;72;23;36;99392;311;78;124
74;49;27;21;71;14;25;99388;335;63;12
61;48;9;17;78;18;30;99402;345;54;112
74;49;27;21;71;14;25;99388;335;63;12
8;48;34;22;73;16;25;9936;328;66;124
63;57;28;21;48;13;49;99374;341;6;128
82;23;42;19;69;9;17;99376;321;54;123
91;3;41;2;68;10;24;99523;327;85;117
81;78;1;33;9;4;13;99855;336;49;95
108;47;43;21;171;27;66;9982;317;76;108
83;53;0;14;7;6;14;99593;325;64;10
54;42;27;2;92;23;55;99471;378;64;123
79;33;41;15;56;6;35;99396;329;71;11
89;24;39;16;74;3;10;99698;312;59;95
5;4;5;43;46;29;80;9902;349;66;136
7;69;7;25;91;15;21;99572;338;6;113
7;69;7;25;91;15;21;99572;338;6;113
7;69;7;25;91;15;21;99572;338;6;113
71;39;12;21;65;14;24;99252;33;53;133
56;66;0;25;66;7;15;99256;352;58;129
79;54;34;25;76;8;17;99235;32;72;131
66;5;0;18;62;21;28;99352;344;55;123
63;47;0;14;55;27;33;9922;345;48;123
107;4;37;19;81;17;29;99674;312;65;112
65;58;0;22;96;3;13;99557;362;62;115
88;24;35;17;55;13;27;99394;314;59;113
58;29;26;17;63;3;11;9915;339;54;135
63;76;0;29;72;26;52;99379;351;6;115
10;43;33;27;95;28;89;9984;322;68;10
105;43;35;33;92;24;70;99798;321;69;105
91;6;0;19;58;5;10;9977;318;63;104
59;19;21;17;45;57;135;99341;332;44;95
74;36;34;18;75;18;38;9933;338;88;136
72;48;7;55;89;10;18;99684;337;68;112
85;28;35;17;61;6;15;99524;33;74;118
8;25;43;17;67;22;50;9946;338;6;119
104;52;45;2;8;6;13;99774;322;76;114
104;52;45;2;8;6;13;99774;322;76;114
75;41;15;37;104;29;94;99786;314;58;91
82;51;24;2;79;16;86;99764;334;64;95
73;4;3;17;8;33;79;9969;341;65;95
82;38;32;25;8;24;71;99624;327;85;11
69;45;11;24;43;6;12;99354;33;65;114
7;22;3;18;65;16;20;99672;361;82;10
73;32;23;23;66;35;70;99588;343;62;101
82;2;43;25;76;31;51;99672;353;81;104
78;5;12;18;178;6;21;996;328;87;98
10;41;45;62;71;6;14;99702;321;49;118
78;39;42;2;86;9;21;99526;339;66;116
10;35;47;2;61;6;11;99585;323;52;12
82;33;32;28;67;4;12;99473;33;76;128
61;58;23;25;44;16;70;99352;346;65;125
83;6;25;22;118;9;38;99616;315;53;98
96;42;35;21;83;17;38;99622;323;66;111
66;58;0;22;1;50;63;99544;359;68;114
83;6;25;22;118;9;38;99616;315;53;98
85;18;51;175;71;45;88;99524;333;76;118
51;51;18;21;42;16;101;9924;346;87;129
67;41;43;28;76;22;54;99572;342;116;106
102;41;43;22;11;11;37;99728;316;67;108
106;36;57;23;87;6;20;99676;314;72;111
88;45;43;14;76;12;21;99551;321;75;102
85;32;42;23;75;12;19;99434;314;71;118
9;785;24;17;78;10;21;99692;329;67;10
9;785;24;17;78;10;21;99692;329;67;10
85;44;5;19;369;15;38;99634;301;11;94
99;54;26;2;111;7;60;99709;294;98;102
82;33;39;25;74;29;48;99528;332;88;124
65;34;27;28;67;8;44;99384;321;56;12
76;5;29;23;86;5;14;99502;332;62;115
92;36;34;16;62;5;12;99667;32;67;105
71;59;0;22;78;26;44;99522;342;68;108
97;42;46;21;74;5;16;99649;327;74;123
76;36;31;17;79;26;65;99716;346;62;95
76;36;31;17;79;26;65;99716;346;62;95
65;61;0;22;95;48;59;99541;361;7;115
65;88;3;56;79;23;47;99572;358;5;112
71;66;0;24;52;6;11;99318;335;66;127
56;915;0;21;41;17;78;99346;368;73;114
82;35;33;24;76;11;47;99599;327;81;11
82;35;33;24;76;11;47;99599;327;81;11
98;39;43;165;68;5;11;99478;319;46;114
102;4;4;25;68;41;54;99754;338;86;105
68;66;7;16;7;16;61;99572;329;6;93
67;64;23;21;8;11;119;99538;336;7;109
7;43;3;2;85;6;39;99346;333;46;119
66;8;3;78;79;6;12;9963;352;5;122
7;43;3;2;85;6;39;99346;333;46;119
67;64;23;21;8;11;119;99538;336;7;109
88;955;5;18;75;5;19;99616;33;44;96
91;4;57;46;8;6;20;99652;328;57;125
65;885;0;23;166;6;12;99551;356;51;108
72;25;37;25;63;11;41;99439;352;8;124
64;885;0;23;166;6;12;99551;356;51;108
7;745;12;18;114;15;64;99588;322;59;95
62;43;22;18;78;21;56;99633;352;6;95
79;58;23;23;76;23;94;99686;321;58;95
77;57;21;15;69;4;9;99458;316;54;98
77;26;26;2;52;19;77;9951;315;79;109
79;58;23;23;76;23;94;99686;321;58;95
77;57;21;15;69;4;9;99458;316;54;98
79;34;36;19;65;5;10;99419;327;54;112
86;42;39;18;68;6;12;99516;335;69;117
99;74;19;58;111;33;76;99878;314;55;94
72;36;46;21;74;24;44;99534;34;85;11
72;36;46;21;74;24;44;99534;34;85;11
72;36;46;21;74;24;44;99534;34;85;11
99;72;55;17;136;24;52;99752;335;94;10
72;36;46;21;74;24;44;99534;34;85;11
62;39;43;2;71;14;24;99428;345;87;112
68;65;2;21;78;8;15;99498;335;62;104
66;44;15;21;76;22;53;9957;332;62;93
68;65;2;21;78;8;15;99498;335;62;104
96;38;42;19;71;5;13;99659;315;75;105
102;33;46;19;81;6;9;99628;31;48;104
88;27;46;21;95;20;29;99488;326;56;113
79;57;31;2;79;10;79;99677;329;69;95
82;34;37;19;57;43;74;99408;323;81;12
82;4;31;19;82;8;24;996;324;69;106
9;39;4;13;44;25;50;99478;32;83;109
109;32;52;18;132;17;44;99734;328;77;115
109;32;52;18;132;17;44;99734;328;77;115
81;53;22;22;78;33;89;99678;326;46;96
105;36;47;22;74;9;23;99638;323;76;12
126;39;49;25;8;8;20;9992;307;82;103
92;46;23;26;91;18;77;99922;315;51;94
75;58;3;41;8;27;46;99592;302;47;92
9;58;25;2;104;8;21;99769;327;72;96
51;42;0;18;44;18;88;99157;368;73;136
76;43;29;21;75;19;66;99718;34;64;95
77;18;34;27;66;15;58;9947;337;78;118
78;815;1;26;74;48;90;99621;338;62;108
76;43;29;21;75;19;66;99718;34;64;95
102;23;37;22;57;14;36;99614;323;49;93
71;75;1;22;59;11;18;99242;339;4;128
6;33;32;129;54;6;113;99572;33;56;115
78;55;0;17;7;7;17;99659;326;64;94
71;75;1;22;59;11;18;99242;339;4;128
81;73;0;25;81;12;24;99798;338;46;96
65;67;0;43;57;11;20;99488;345;56;118
75;61;2;17;76;36;60;99494;31;4;93
98;37;39;25;79;28;65;99729;316;59;98
9;4;41;2;58;15;40;99414;322;6;122
83;56;22;24;82;10;86;9983;337;62;95
59;29;25;134;67;72;160;99721;333;54;103
74;55;19;18;82;15;34;99655;349;68;105
74;74;7;17;86;15;48;99502;312;48;10
74;55;19;18;82;15;34;99655;349;68;105
69;41;33;22;81;22;36;9949;341;75;111
71;6;1;23;79;24;37;99514;34;61;109
71;6;1;23;79;24;37;99514;34;61;109
75;58;14;22;77;27;60;9963;328;59;98
71;72;0;18;123;6;14;99627;345;58;98
79;66;0;14;96;6;13;99569;343;58;95
78;7;6;19;79;20;35;99628;34;69;109
61;64;2;24;69;26;46;99358;347;45;11
75;59;22;18;82;43;60;99499;31;42;92
7;58;28;48;85;12;69;99633;332;7;11
68;64;0;27;123;15;33;99538;344;63;113
68;64;0;27;123;15;33;99538;344;63;113
86;635;68;18;403;19;56;99632;302;115;93
63;102;0;2;83;17;24;99437;359;55;112
98;45;38;25;81;34;66;99726;315;58;98
82;78;0;22;89;13;26;9978;337;46;96
85;37;32;18;66;26;51;99456;338;72;118
72;57;5;23;81;16;36;99564;338;6;103
72;57;5;23;81;16;36;99564;338;6;103
104;43;5;23;68;13;19;996;31;87;114
69;41;31;2;79;21;51;99668;347;55;95
55;49;3;18;44;28;87;9908;35;82;14
5;38;1;16;48;26;60;99084;37;75;14
73;44;2;16;49;24;64;9935;338;57;117
59;46;0;19;77;25;44;99385;35;53;112
75;58;2;2;73;34;44;99494;31;43;93
78;58;13;21;102;17;36;9944;324;53;112
8;715;22;23;75;13;81;99688;324;54;95
85;4;4;63;5;3;10;99566;328;56;12
7;69;0;19;114;3;10;99636;335;6;97
8;715;22;23;75;13;81;99688;324;54;95
98;3;39;17;62;3;9;9948;314;57;115
71;46;2;19;77;28;54;9956;337;64;104
71;46;2;19;77;28;54;9956;337;64;104
79;765;0;2;84;9;22;99619;333;68;109
87;63;28;27;96;17;69;99734;326;63;102
7;42;19;23;71;18;36;99476;339;56;109
113;37;5;18;9;20;47;99734;315;57;105
71;16;44;25;68;17;31;99328;335;54;124
8;6;8;26;56;3;7;99286;322;37;13
7;6;3;45;68;20;110;99914;33;117;102
7;6;3;45;68;20;110;99914;33;117;102
76;74;0;19;1;6;12;99521;336;59;11
82;635;1;21;73;25;60;99638;329;75;109
59;395;13;24;56;14;28;99362;362;67;124
75;755;0;19;84;6;12;99672;334;49;97
82;635;1;21;73;25;60;99638;329;75;109
66;63;0;43;93;51;775;99558;32;45;95
66;63;0;43;93;51;775;99558;32;45;95
72;53;14;21;64;15;29;99323;335;61;121
57;6;0;14;63;11;18;99191;345;56;122
76;158;0;21;137;5;9;99476;35;4;109
52;645;0;215;8;15;28;99444;378;61;125
67;86;7;2;1;20;57;99598;36;74;117
91;37;32;21;64;4;15;99576;33;8;112
8;28;44;18;81;28;68;99501;336;66;112
76;79;21;23;87;21;68;9955;312;44;92
75;61;26;19;73;24;88;99612;33;53;98
97;69;32;25;88;22;91;9979;329;62;101
68;68;9;39;68;15;29;99524;341;52;111
97;69;32;25;88;22;91;9979;329;62;101
7;62;1;14;71;27;63;996;328;61;92
75;61;26;19;73;24;88;99612;33;53;98
65;51;15;3;64;12;27;9929;333;59;128
8;118;21;19;83;14;41;99532;334;47;105
7;36;21;23;86;20;65;99558;34;54;101
7;36;21;24;86;24;69;99556;34;53;101
75;63;27;2;83;17;91;99616;326;58;98
54;74;0;12;41;16;46;99258;401;59;125
99;44;46;22;91;10;41;99638;318;69;119
75;63;27;2;83;17;91;99616;326;58;98
91;76;68;17;414;18;64;99652;29;133;91
97;66;34;26;94;12;88;99796;326;66;101
5;74;0;12;41;16;46;99258;401;59;125
91;34;42;18;58;9;18;99392;318;55;114
91;36;39;18;6;21;55;99495;318;82;11
67;46;24;17;77;18;34;9948;339;6;106
67;46;24;17;77;18;34;9948;339;6;106
67;46;24;17;77;18;34;9948;339;6;106
67;46;24;17;77;18;34;9948;339;6;106
65;52;11;18;73;13;38;9955;334;52;93
74;6;26;21;83;17;91;99616;329;56;98
74;6;26;21;83;17;91;99616;329;56;98
78;87;26;38;107;31;67;99668;326;46;92
84;39;1;17;75;6;25;99581;309;43;97
91;775;22;22;79;12;48;9976;318;51;96
72;835;0;2;166;4;11;99608;339;52;10
66;58;2;24;69;19;40;99387;338;66;126
6;5;0;14;57;15;26;99448;336;45;95
6;5;0;14;57;15;26;99448;336;45;95
6;5;0;14;57;15;26;99448;336;45;95
75;51;2;17;84;13;31;99538;336;54;105
75;51;2;17;84;13;31;99538;336;54;105
75;51;2;17;84;13;31;99538;336;54;105
76;54;2;17;85;17;31;99589;337;51;104
75;51;2;17;84;13;31;99538;336;54;105
115;42;48;26;77;8;20;99852;309;53;11
82;44;24;23;63;10;28;99613;325;53;102
61;59;1;21;56;5;13;99472;352;56;114
72;655;3;18;78;7;12;99587;334;39;95
72;655;3;18;78;7;12;99587;334;39;95
69;57;0;28;81;21;41;99518;341;52;108
9;6;29;2;69;32;73;99654;334;57;10
72;62;1;23;65;8;46;99332;332;51;118
76;645;3;19;86;14;57;9969;337;46;103
76;645;3;19;86;14;57;9969;337;46;103
72;58;3;23;77;7;28;99568;335;52;10
61;32;25;18;86;5;32;99464;336;44;101
61;34;25;18;84;4;28;99464;336;44;101
73;43;24;25;78;27;67;99648;36;59;111
74;64;17;54;168;52;98;99736;328;5;95
116;475;4;14;91;6;28;99704;307;65;1,00E+14
92;54;31;23;112;11;38;99699;324;56;109
83;85;14;25;93;13;54;99724;336;54;101
116;475;4;14;91;6;28;99704;307;65;1,00E+14
8;83;27;2;8;11;63;99652;329;48;98
72;605;2;19;96;10;31;995;346;53;118
78;5;9;22;115;10;42;9971;318;62;95
73;74;8;17;94;10;45;99576;324;5;98
69;54;3;22;88;9;105;99725;325;118;105
8;77;32;21;79;16;74;99656;327;5;98
66;61;0;16;69;4;8;99396;333;37;104
87;78;51;17;415;12;66;99623;3;117;92
75;58;56;31;153;5;14;99476;321;103;116
87;78;51;17;415;12;66;99623;3;117;92
77;75;27;38;11;34;89;99664;324;45;93
68;815;0;12;267;16;29;99471;332;51;98
72;56;26;2;83;13;100;99586;326;52;99
82;885;2;14;86;7;31;9946;311;46;10
52;49;26;23;9;23;74;9953;371;62;122
72;45;15;2;78;10;28;99609;329;51;99
75;57;2;26;77;11;35;99557;336;62;108
75;57;2;26;77;11;35;99557;336;62;108
68;83;9;18;74;4;25;99534;338;45;96
8;6;22;21;8;25;105;99613;33;49;99
8;6;22;21;8;25;105;99613;33;49;99
71;755;15;18;107;20;84;99593;319;5;95
8;81;25;34;76;34;85;99668;319;42;92
74;64;7;18;1;8;23;9961;33;58;96
74;64;7;18;1;8;23;9961;33;58;96
66;64;31;61;83;7;49;99718;335;68;103
67;48;2;22;8;36;111;99524;31;53;97
6;49;0;23;68;15;33;99292;358;59;125
8;64;22;24;94;5;33;99612;337;58;11
71;62;6;13;7;5;12;9942;317;48;98
8;52;25;2;78;19;59;99612;33;48;102
64;57;14;39;7;27;73;99669;332;48;92
86;685;1;16;92;3;12;99745;331;65;955
87;675;1;16;9;4;11;99745;331;65;955
73;59;26;2;8;17;104;99584;328;52;99
7;6;12;22;83;13;28;9966;352;62;102
72;67;0;22;68;10;24;9956;342;72;111
79;69;21;21;8;33;141;9962;325;51;99
79;69;21;21;8;33;141;9962;325;51;99
76;3;42;2;52;6;24;9963;344;82;119
72;33;33;17;61;3;13;996;323;11;10
8;5;39;26;82;12;46;9985;343;62;107
77;28;3;2;62;18;34;9952;328;9;113
82;24;34;51;62;8;22;9974;322;94;109
6;51;0;21;64;40;54;995;354;93;107
81;29;36;22;48;35;53;995;327;101;124
6;51;0;21;64;40;54;995;354;93;107
66;96;0;18;82;5;16;9936;35;44;119
64;47;4;24;71;8;19;9963;356;73;106
82;24;34;51;62;8;22;9974;322;94;109
99;57;25;2;104;12;89;9963;304;9;101
10;32;59;22;77;3;15;9994;32;78;96
62;58;0;16;65;8;18;9966;356;84;94
10;32;59;22;77;3;15;9994;32;78;96
73;34;33;25;64;21;37;9952;335;77;121
78;53;1;16;77;3;19;995;316;46;98
77;64;21;22;77;32;133;9956;327;45;99
78;53;1;16;77;3;19;995;316;46;98
75;4;18;16;79;24;58;9965;334;58;94
7;54;0;21;79;39;55;9956;339;84;114
64;53;9;39;123;14;31;9968;35;67;11
83;26;37;14;76;8;23;9974;326;7;96
83;26;37;14;76;8;23;9974;326;7;96
77;23;37;18;46;23;60;9971;341;71;121
76;41;33;25;78;6;23;9957;33;58;112
78;64;0;19;72;27;55;9962;331;63;11
79;18;4;22;49;38;67;996;333;93;113
74;41;24;18;66;18;47;9956;337;62;104
76;43;31;21;69;13;74;9958;326;54;99
59;44;0;16;42;3;11;9944;348;85;117
61;4;16;18;69;11;25;9955;342;74;101
102;54;37;154;214;55;95;100369;318;77;9
102;54;37;154;214;55;95;100369;318;77;9
10;38;38;16;169;27;90;99914;315;65;85
68;915;29;48;7;15;39;99577;353;54;111
7;59;0;17;52;3;8;996;341;47;103
73;67;2;22;72;31;92;99566;332;68;1,11E+16
72;37;32;2;62;15;28;9947;323;73;113
74;785;19;52;94;19;98;99713;316;52;9,57E+14
69;63;2;19;78;18;30;99712;34;75;98
69;58;2;175;58;8;22;99322;338;49;117
73;67;2;22;72;31;92;99566;332;68;111
74;785;19;52;94;19;98;99713;316;52;96
69;63;2;19;78;18;30;99712;34;75;98
68;67;0;19;8;22;39;99701;34;74;97
69;58;1;19;8;40;54;99683;34;73;97
72;38;31;2;56;15;29;99472;323;76;113
72;37;32;2;62;15;28;9947;323;73;113
78;32;44;27;104;8;17;99732;333;78;11
66;58;2;2;62;37;53;99374;335;76;116
76;49;33;19;74;27;85;99706;341;58;9
117;45;63;22;73;7;23;99974;321;69;109
65;9;0;16;52;9;17;99467;35;63;109
6;54;6;18;5;38;89;99236;33;5;1055
76;49;33;19;74;27;85;99706;341;58;9
84;29;4;17;67;8;20;99603;339;6;105
79;2;35;17;54;7;15;99458;332;8;119
64;42;9;23;54;34;64;99724;341;68;104
62;785;0;21;6;6;13;99664;359;61;10
68;64;3;23;75;14;31;99545;336;58;104
69;63;1;24;76;14;39;99522;334;53;108
68;59;1;17;63;34;53;9958;341;67;97
68;59;1;17;63;34;53;9958;341;67;97
73;48;32;21;62;31;54;99728;33;65;10
67;104;8;23;67;19;32;99648;352;57;11
73;48;32;21;62;31;54;99728;33;65;10
73;98;5;21;61;20;49;99705;331;55;97
10;69;11;14;84;8;24;99578;288;47;97
67;7;8;375;67;8;16;99334;343;52;126
76;35;6;26;73;23;44;99656;338;79;111
61;6;8;18;71;14;45;99336;338;54;11
99;5;5;138;205;48;82;100242;316;75;88
53;47;11;22;48;16;89;99182;354;88;1,36E+16
99;5;5;138;205;48;82;100242;316;75;88
53;47;11;22;48;16;89;99182;354;88;136
71;875;5;57;82;3;14;99808;34;52;102
82;28;6;3;104;10;22;99828;339;68;106
56;62;3;15;8;6;13;99498;366;62;101
82;28;6;3;104;10;22;99828;339;68;106
72;58;54;21;114;3;9;99719;333;57;103
81;33;44;15;42;6;12;99542;335;61;107
68;91;6;2;6;4;11;99592;353;64;109
7;655;16;21;74;8;25;99606;337;55;97
68;68;21;21;7;9;23;99546;338;6;103
6;64;5;19;66;9;17;99496;352;78;106
56;54;4;17;49;5;13;9942;372;58;114
62;57;1;21;48;4;11;99448;344;76;108
71;22;49;18;39;8;18;99344;339;56;124
56;54;4;17;49;5;13;9942;372;58;114
62;65;6;16;5;6;18;99348;357;54;1195
77;54;26;19;89;23;147;99636;326;59;97
64;31;9;14;66;15;28;99459;342;7;10
7;43;2;19;8;15;28;99492;335;81;106
77;54;26;19;89;23;147;99636;326;59;97
69;74;3;23;54;7;16;99508;345;63;115
66;895;4;23;68;7;13;99582;353;58;108
69;74;3;23;54;7;16;99508;345;63;115
75;725;4;15;76;8;15;99508;326;53;96
78;82;29;43;83;21;64;99642;316;53;94
73;585;18;24;78;15;60;99638;331;54;98
62;44;39;25;77;6;14;99555;351;69;11
75;38;57;23;106;5;12;99605;336;55;114
67;76;2;18;78;6;12;996;355;63;995
68;81;5;2;7;6;14;99562;351;66;108
75;38;57;23;106;5;12;99605;336;55;114
71;27;6;21;74;17;25;99814;338;72;106
79;18;4;18;62;7;20;9941;328;7;111
64;36;21;22;47;26;48;99661;347;77;97
71;69;4;21;68;19;27;99712;344;67;98
64;79;4;22;61;11;17;99588;353;65;104
64;56;15;18;78;17;65;99294;333;6;105
69;84;21;41;74;16;65;99842;353;72;9,23E+14
69;84;21;41;74;16;65;99842;353;72;925
61;32;25;23;71;23;58;99633;342;97;106
65;53;6;2;63;29;44;99489;338;83;103
74;47;46;22;114;7;20;99647;332;63;105
66;7;8;26;106;14;27;99665;344;58;102
65;53;6;2;63;29;44;99489;338;83;103
69;48;2;19;82;9;23;99585;339;43;905
61;32;25;23;71;23;58;99633;342;97;106
68;48;25;2;76;29;61;9953;334;6;104
6;42;19;2;75;22;47;99522;339;78;10
67;48;8;21;64;18;34;99552;333;64;97
68;47;8;22;64;18;38;99553;33;65;96
71;53;7;17;71;15;24;9951;329;66;108
79;29;49;22;96;21;59;99714;331;67;101
71;69;8;21;63;42;52;99608;342;6;102
66;44;9;22;63;9;18;99444;342;69;113
61;705;1;28;81;13;28;99631;36;66;102
72;53;13;2;58;18;22;99573;321;68;99
8;39;3;19;74;32;84;99717;339;61;9
66;56;14;24;64;13;29;99397;342;62;117
7;55;13;22;75;15;35;9959;336;59;97
61;53;8;19;77;24;45;99528;36;68;103
54;58;8;19;59;20;31;99484;35;64;102
62;64;9;25;81;15;26;99538;357;63;12
72;39;32;18;65;34;60;99714;346;78;99
62;52;8;44;71;11;32;99646;356;63;116
74;25;29;22;54;19;49;99666;34;76;109
67;855;2;19;64;29;38;99472;33;56;1075
111;44;42;22;64;14;19;99758;325;57;104
84;37;43;23;63;12;19;9955;317;81;112
65;63;33;18;59;16;28;99531;336;64;101
7;57;2;2;72;17;26;99575;336;61;102
63;6;1;16;48;12;26;99306;355;51;121
112;4;5;2;99;19;50;99783;31;58;104
74;36;3;18;74;17;24;99419;324;7;114
71;68;0;23;87;17;26;99783;345;53;95
71;67;0;23;83;18;27;99768;344;54;94
63;68;1;37;103;32;54;99586;351;66;113
73;735;0;22;8;18;28;99765;341;6;94
66;855;2;24;62;15;23;99627;354;6;11
7;56;17;17;65;15;24;99514;344;68;1055
66;88;4;22;66;12;20;99636;353;56;99
66;855;2;24;62;15;23;99627;354;6;11
69;63;33;67;235;66;115;99787;322;56;95
78;6;26;2;8;31;131;99622;321;52;99
78;6;26;2;8;31;131;99622;321;52;99
78;6;26;2;8;31;131;99622;321;52;99
72;695;13;2;76;12;20;99546;329;54;101
72;695;13;2;76;12;20;99546;329;54;101
72;695;13;2;76;12;20;99546;329;54;101
67;67;2;19;61;26;42;99489;339;82;109
67;16;64;21;59;24;52;99494;334;71;112
72;695;13;2;76;12;20;99546;329;54;101
7;56;13;16;77;25;42;99629;334;59;92
62;51;14;19;56;15;34;99396;348;57;115
64;36;53;22;23;19;35;9934;337;93;124
64;38;14;22;38;15;25;99514;344;65;111
73;69;32;22;69;35;104;99632;333;51;95
6;58;2;24;75;15;50;99467;358;67;125
56;31;78;139;74;23;92;99677;339;48;105
75;52;4;22;6;12;20;99474;326;64;118
8;3;63;16;81;16;29;99588;33;78;108
62;7;15;51;76;13;27;99622;354;6;119
68;67;15;18;118;13;20;9954;342;67;113
62;56;9;17;53;24;32;99402;354;6;113
74;35;33;24;68;9;26;9947;336;6;119
62;56;9;17;53;24;32;99402;354;6;113
61;715;1;26;53;13;27;99362;357;5;119
62;46;29;21;74;32;98;99578;333;62;98
67;32;44;24;61;24;34;99484;329;8;116
72;39;44;26;66;22;48;99494;33;84;115
75;31;41;24;65;34;60;99492;334;85;114
58;61;11;18;66;18;28;99483;355;66;109
72;66;33;25;68;34;102;99414;327;78;128
66;725;2;78;73;29;79;9977;329;54;92
63;55;15;18;77;26;35;99314;332;82;116
54;74;9;17;89;16;26;99402;367;56;116
63;51;13;23;76;29;40;99574;342;75;11
68;62;8;19;68;28;38;99651;342;82;95
62;6;8;2;9;32;44;9949;345;58;105
59;55;1;22;62;39;51;99512;352;76;112
63;51;13;23;76;29;40;99574;342;75;11
59;645;12;2;75;32;44;99547;357;71;102
6;31;47;36;67;18;42;99549;339;66;11
